os,cpu,gpu,ram,kernel,driver,cpuscheduler
Steam Runtime 2 (soldier),AMD Custom APU 0405,AMD Custom GPU 0405,12077680,5.13.0-valve36-1-neptune,,schedutil
fps,frametime,cpu_load,gpu_load,cpu_temp,gpu_temp,gpu_core_clock,gpu_mem_clock,gpu_vram_used,gpu_power,ram_used,elapsed
124.409,8038,67.9612,99,75,77,1232,687,1.23072,6,6.51394,352265406
138.985,7195,67.9612,99,75,77,1232,687,1.23072,6,6.51394,452333098
144.051,6942,67.9612,99,75,77,1232,687,1.23072,6,6.51394,552398990
115.835,8633,67.9612,99,75,77,1232,687,1.23072,6,6.51394,652459012
155.763,6420,67.9612,99,75,77,1232,687,1.23072,6,6.51394,752523484
131.857,7584,67.9612,99,75,77,1232,687,1.23072,6,6.51394,852595446
138.179,7237,67.2414,97,75,76,1458,687,1.23072,8,6.51013,952670767
126.55,7902,67.2414,97,75,76,1458,687,1.23072,8,6.51013,1052740729
132.521,7546,67.2414,97,75,76,1458,687,1.23072,8,6.51013,1152808411
143.369,6975,67.2414,97,75,76,1458,687,1.23072,8,6.51013,1252877223
127.861,7821,67.2414,97,75,76,1458,687,1.23072,8,6.51013,1352948105
135.208,7396,70.4545,99,77,77,1430,687,1.23072,8,6.50901,1453013637
143.164,6985,70.4545,99,77,77,1430,687,1.23072,8,6.50901,1553083549
86.783,11523,70.4545,99,77,77,1430,687,1.23072,8,6.50901,1653148340
131.458,7607,70.4545,99,77,77,1430,687,1.23072,8,6.50901,1753214192
121.743,8214,70.4545,99,77,77,1430,687,1.23072,8,6.50901,1853284264
121.433,8235,72.0403,98,77,78,1391,687,1.23072,7,6.50592,1953430726
130.191,7681,72.0403,98,77,78,1391,687,1.23072,7,6.50592,2053497598
134.825,7417,72.0403,98,77,78,1391,687,1.23072,7,6.50592,2153562060
134.228,7450,72.0403,98,77,78,1391,687,1.23072,7,6.50592,2253632052
136.407,7331,72.0403,98,77,78,1391,687,1.23072,7,6.50592,2353695103
135.648,7372,69.2695,98,78,76,1391,687,1.23072,7,6.50619,2453762965
142.613,7012,69.2695,98,78,76,1391,687,1.23072,7,6.50619,2553830657
141.263,7079,69.2695,98,78,76,1391,687,1.23072,7,6.50619,2653893169
136.649,7318,69.2695,98,78,76,1391,687,1.23072,7,6.50619,2753957231
141.383,7073,69.2695,98,78,76,1391,687,1.23072,7,6.50619,2854020643
117.786,8490,70.1493,99,78,77,1464,687,1.23072,8,6.50593,2954097215
131.13,7626,70.1493,99,78,77,1464,687,1.23072,8,6.50593,3054163467
158.68,6302,70.1493,99,78,77,1464,687,1.23072,8,6.50593,3154223708
129.719,7709,70.1493,99,78,77,1464,687,1.23072,8,6.50593,3254292620
153.965,6495,70.1493,99,78,77,1464,687,1.23072,8,6.50593,3354548472
139.821,7152,71.1735,99,77,79,1438,687,1.23072,7,6.50677,3454614144
171.762,5822,71.1735,99,77,79,1438,687,1.23072,7,6.50677,3554679136
154.751,6462,71.1735,99,77,79,1438,687,1.23072,7,6.50677,3654750247
179.953,5557,71.1735,99,77,79,1438,687,1.23072,7,6.50677,3754924539
142.857,7000,71.1735,99,77,79,1438,687,1.23072,7,6.50677,3855007861
153.069,6533,70.4835,98,78,78,1414,687,1.23072,8,6.50694,3955086133
163.72,6108,70.4835,98,78,78,1414,687,1.23072,8,6.50694,4055152735
138.812,7204,70.4835,98,78,78,1414,687,1.23072,8,6.50694,4155230586
157.58,6346,70.4835,98,78,78,1414,687,1.23072,8,6.50694,4255299808
135.962,7355,70.4835,98,78,78,1414,687,1.23072,8,6.50694,4355367830
151.103,6618,71,99,78,77,1464,687,1.23072,8,6.50744,4455433112
106.758,9367,71,99,78,77,1464,687,1.23072,8,6.50744,4555497574
128.304,7794,71,99,78,77,1464,687,1.23072,8,6.50744,4655566686
176.056,5680,71,99,78,77,1464,687,1.23072,8,6.50744,4755635118
127.665,7833,71,99,78,77,1464,687,1.23072,8,6.50744,4855698990
134.807,7418,69.9746,99,78,78,1434,687,1.23072,8,6.50702,4955768251
174.703,5724,69.9746,99,78,78,1434,687,1.23072,8,6.50702,5055834663
145.264,6884,69.9746,99,78,78,1434,687,1.23072,8,6.50702,5155865955
181.752,5502,69.9746,99,78,78,1434,687,1.23072,8,6.50702,5255926297
140.193,7133,69.9746,99,78,78,1434,687,1.23072,8,6.50702,5355994369
181.422,5512,71.9212,99,78,79,1451,687,1.23072,7,6.50799,5456054371
107.181,9330,71.9212,99,78,79,1451,687,1.23072,7,6.50799,5556119153
161.996,6173,71.9212,99,78,79,1451,687,1.23072,7,6.50799,5656183835
148.478,6735,71.9212,99,78,79,1451,687,1.23072,7,6.50799,5756245767
119.417,8374,71.9212,99,78,79,1451,687,1.23072,7,6.50799,5856317568
145.879,6855,71.3198,99,79,78,1427,687,1.23072,7,6.50707,5956511570
150.218,6657,71.3198,99,79,78,1427,687,1.23072,7,6.50707,6056575742
163.881,6102,71.3198,99,79,78,1427,687,1.23072,7,6.50707,6156638974
159.134,6284,71.3198,99,79,78,1427,687,1.23072,7,6.50707,6256717896
138.447,7223,71.3198,99,79,78,1427,687,1.23072,7,6.50707,6356781568
128.074,7808,70.6897,98,79,78,1398,687,1.23072,7,6.51226,6456848599
119.503,8368,70.6897,98,79,78,1398,687,1.23072,7,6.51226,6556919571
114.666,8721,70.6897,98,79,78,1398,687,1.23072,7,6.51226,6656991293
169.866,5887,70.6897,98,79,78,1398,687,1.23072,7,6.51226,6757058895
121.699,8217,70.6897,98,79,78,1398,687,1.23072,7,6.51226,6857134787
124.177,8053,70.6311,98,79,79,1401,687,1.23072,7,6.51151,6957197709
69.5217,14384,70.6311,98,79,79,1401,687,1.23072,7,6.51151,7057262391
137.438,7276,70.6311,98,79,79,1401,687,1.23072,7,6.51151,7157326483
127.34,7853,70.6311,98,79,79,1401,687,1.23072,7,6.51151,7258715271
165.673,6036,70.6311,98,79,79,1401,687,1.23072,7,6.51151,7358796913
134.807,7418,71.8204,98,79,78,1382,687,1.23072,7,6.51384,7458872985
133.333,7500,71.8204,98,79,78,1382,687,1.23072,7,6.51384,7558935677
142.389,7023,71.8204,98,79,78,1382,687,1.23072,7,6.51384,7659018149
178.221,5611,71.8204,98,79,78,1382,687,1.23072,7,6.51384,7759124160
152.975,6537,71.8204,98,79,78,1382,687,1.23072,7,6.51384,7859375182
149.209,6702,72.25,98,80,80,1382,687,1.23072,7,6.50839,7959440264
133.601,7485,72.25,98,80,80,1382,687,1.23072,7,6.50839,8059506276
141.423,7071,72.25,98,80,80,1382,687,1.23072,7,6.50839,8159580627
122.13,8188,72.25,98,80,80,1382,687,1.23072,7,6.50839,8259653049
149.009,6711,72.25,98,80,80,1382,687,1.23072,7,6.50839,8359715641
151.768,6589,72.3881,99,80,82,1395,687,1.23072,7,6.51182,8459781503
157.978,6330,72.3881,99,80,82,1395,687,1.23072,7,6.51182,8559876625
156.079,6407,72.3881,99,80,82,1395,687,1.23072,7,6.51182,8659942137
150.263,6655,72.3881,99,80,82,1395,687,1.23072,7,6.51182,8760184778
140.371,7124,72.3881,99,80,82,1395,687,1.23072,7,6.51182,8860295000
168.124,5948,72.9927,98,79,79,1377,687,1.23072,7,6.51157,8960366222
172.354,5802,72.9927,98,79,79,1377,687,1.23072,7,6.51157,9060433084
158.403,6313,72.9927,98,79,79,1377,687,1.23072,7,6.51157,9160499716
118.751,8421,72.9927,98,79,79,1377,687,1.23072,7,6.51157,9260565317
152.929,6539,72.9927,98,79,79,1377,687,1.23072,7,6.51157,9360627149
133.476,7492,73.0198,98,80,81,1369,687,1.23072,6,6.51534,9460692841
171.792,5821,73.0198,98,80,81,1369,687,1.23072,6,6.51534,9560757823
116.727,8567,73.0198,98,80,81,1369,687,1.23072,6,6.51534,9660825535
122.489,8164,73.0198,98,80,81,1369,687,1.23072,6,6.51534,9760889657
125.913,7942,73.0198,98,80,81,1369,687,1.23072,6,6.51534,9860951879
148.412,6738,72.5926,96,80,80,1367,687,1.23072,6,6.52309,9961020061
96.4599,10367,72.5926,96,80,80,1367,687,1.23072,6,6.52309,10061100182
137.798,7257,72.5926,96,80,80,1367,687,1.23072,6,6.52309,10161166724
148.721,6724,72.5926,96,80,80,1367,687,1.23072,6,6.52309,10261230476
100.281,9972,72.5926,96,80,80,1367,687,1.23072,6,6.52309,10361295168
202.429,4940,66.838,98,81,89,1370,687,1.23077,6,6.55142,10461363330
71.6846,13950,66.838,98,81,89,1370,687,1.23077,6,6.55142,10561426972
112.309,8904,66.838,98,81,89,1370,687,1.23077,6,6.55142,10661490564
136.277,7338,66.838,98,81,89,1370,687,1.23077,6,6.55142,10761562346
137.476,7274,66.838,98,81,89,1370,687,1.23077,6,6.55142,10861629948
141.443,7070,58.1395,94,81,78,1166,687,1.23858,5,6.54846,10961701299
139.101,7189,58.1395,94,81,78,1166,687,1.23858,5,6.54846,11061770941
136.911,7304,58.1395,94,81,78,1166,687,1.23858,5,6.54846,11161840523
156.104,6406,58.1395,94,81,78,1166,687,1.23858,5,6.54846,11261916525
151.469,6602,58.1395,94,81,78,1166,687,1.23858,5,6.54846,11361981567
135.19,7397,49.4737,93,83,78,1429,687,1.23858,7,6.54809,11462044289
146.563,6823,49.4737,93,83,78,1429,687,1.23858,7,6.54809,11562110641
139.919,7147,49.4737,93,83,78,1429,687,1.23858,7,6.54809,11662176323
146.177,6841,49.4737,93,83,78,1429,687,1.23858,7,6.54809,11762246034
126.406,7911,49.4737,93,83,78,1429,687,1.23858,7,6.54809,11862331316
128.899,7758,53.253,95,80,78,1542,687,1.23858,8,6.54845,11962621738
140.115,7137,53.253,95,80,78,1542,687,1.23858,8,6.54845,12062689649
160.128,6245,53.253,95,80,78,1542,687,1.23858,8,6.54845,12162755961
134.716,7423,53.253,95,80,78,1542,687,1.23858,8,6.54845,12262825223
117.883,8483,53.253,95,80,78,1542,687,1.23858,8,6.54845,12362898135
158.303,6317,49.8701,94,79,78,1536,687,1.23858,8,6.54868,12462975847
150.24,6656,49.8701,94,79,78,1536,687,1.23858,8,6.54868,12563041649
145.012,6896,49.8701,94,79,78,1536,687,1.23858,8,6.54868,12663114771
144.97,6898,49.8701,94,79,78,1536,687,1.23858,8,6.54868,12763188522
150.353,6651,49.8701,94,79,78,1536,687,1.23858,8,6.54868,12863262784
141.243,7080,50.8861,94,79,79,1541,687,1.23858,9,6.54892,12963510186
142.066,7039,50.8861,94,79,79,1541,687,1.23858,9,6.54892,13063578248
151.309,6609,50.8861,94,79,79,1541,687,1.23858,9,6.54892,13163644160
125.518,7967,50.8861,94,79,79,1541,687,1.23858,9,6.54892,13263711851
144.363,6927,50.8861,94,79,79,1541,687,1.23858,9,6.54892,13363778773
144.113,6939,51.3784,93,79,78,1558,687,1.23858,9,6.54952,13463843315
144.113,6939,51.3784,93,79,78,1558,687,1.23858,9,6.54952,13563906527
136.091,7348,51.3784,93,79,78,1558,687,1.23858,9,6.54952,13663977559
122.504,8163,51.3784,93,79,78,1558,687,1.23858,9,6.54952,13764050421
142.47,7019,51.3784,93,79,78,1558,687,1.23858,9,6.54952,13864117443
150.761,6633,51.3784,93,79,78,1558,687,1.23858,9,6.54952,13964205104
138.447,7223,51.7413,93,79,79,1552,687,1.23858,9,6.54977,14064267386
155.352,6437,51.7413,93,79,79,1552,687,1.23858,9,6.54977,14164330308
132.398,7553,51.7413,93,79,79,1552,687,1.23858,9,6.54977,14264392810
145.138,6890,51.7413,93,79,79,1552,687,1.23858,9,6.54977,14364432182
131.718,7592,51.7413,93,79,79,1552,687,1.23858,9,6.54977,14464495954
121.536,8228,52.1092,93,79,79,1552,687,1.23858,9,6.54964,14564565556
136.295,7337,52.1092,93,79,79,1552,687,1.23858,9,6.54964,14664626128
136.575,7322,52.1092,93,79,79,1552,687,1.23858,9,6.54964,14764699580
146.327,6834,52.1092,93,79,79,1552,687,1.23858,9,6.54964,14864766571
152.555,6555,52.1092,93,79,79,1552,687,1.23858,9,6.54964,14964836983
122.669,8152,50.7812,92,79,79,1558,687,1.23858,9,6.54952,15064905845
121.256,8247,50.7812,92,79,79,1558,687,1.23858,9,6.54952,15164972317
117.592,8504,50.7812,92,79,79,1558,687,1.23858,9,6.54952,15265035729
132.345,7556,50.7812,92,79,79,1558,687,1.23858,9,6.54952,15365108021
126.502,7905,50.7812,92,79,79,1558,687,1.23858,9,6.54952,15465239283
111.173,8995,52.75,94,79,79,1568,687,1.23858,9,6.54964,15565303924
122.444,8167,52.75,94,79,79,1568,687,1.23858,9,6.54964,15665379736
126.711,7892,52.75,94,79,79,1568,687,1.23858,9,6.54964,15765442018
112.714,8872,52.75,94,79,79,1568,687,1.23858,9,6.54964,15865505660
128.849,7761,52.75,94,79,79,1568,687,1.23858,9,6.54964,15965570132
121.936,8201,51.6456,96,79,78,1571,687,1.23858,10,6.54927,16065637374
145.666,6865,51.6456,96,79,78,1571,687,1.23858,10,6.54927,16165701966
132.31,7558,51.6456,96,79,78,1571,687,1.23858,10,6.54927,16265767718
147.406,6784,51.6456,96,79,78,1571,687,1.23858,10,6.54927,16365856599
118.991,8404,51.6456,96,79,78,1571,687,1.23858,10,6.54927,16465919051
123.168,8119,52.6718,97,80,79,1564,687,1.23858,10,6.54952,16565980883
107.504,9302,52.6718,97,80,79,1564,687,1.23858,10,6.54952,16666049565
98.1065,10193,52.6718,97,80,79,1564,687,1.23858,10,6.54952,16766120637
145.222,6886,52.6718,97,80,79,1564,687,1.23858,10,6.54952,16866189899
105.63,9467,52.6718,97,80,79,1564,687,1.23858,10,6.54952,16966267611
116.782,8563,53.3679,97,80,80,1546,687,1.23858,10,6.55,17066334533
114.142,8761,53.3679,97,80,80,1546,687,1.23858,10,6.55,17166411664
107.055,9341,53.3679,97,80,80,1546,687,1.23858,10,6.55,17266481076
115.354,8669,53.3679,97,80,80,1546,687,1.23858,10,6.55,17366552648
109.541,9129,53.3679,97,80,80,1546,687,1.23858,10,6.55,17466618230
84.631,11816,54.5918,99,80,78,1559,687,1.23858,10,6.54976,17566718742
100.675,9933,54.5918,99,80,78,1559,687,1.23858,10,6.54976,17666784334
112.918,8856,54.5918,99,80,78,1559,687,1.23858,10,6.54976,17766868596
88.4408,11307,54.5918,99,80,78,1559,687,1.23858,10,6.54976,17866934907
98.2511,10178,54.5918,99,80,78,1559,687,1.23858,10,6.54976,17967005269
104.624,9558,55.9194,98,80,79,1523,687,1.23858,10,6.55012,18067076371
124.549,8029,55.9194,98,80,79,1523,687,1.23858,10,6.55012,18167142203
104.767,9545,55.9194,98,80,79,1523,687,1.23858,10,6.55012,18267214895
94.3307,10601,55.9194,98,80,79,1523,687,1.23858,10,6.55012,18367285597
100.776,9923,55.9194,98,80,79,1523,687,1.23858,10,6.55012,18467353449
129.199,7740,58.1907,99,80,78,1533,687,1.23858,10,6.55,18567421501
74.7887,13371,58.1907,99,80,78,1533,687,1.23858,10,6.55,18667495442
96.9556,10314,58.1907,99,80,78,1533,687,1.23858,10,6.55,18767559434
73.1743,13666,58.1907,99,80,78,1533,687,1.23858,10,6.55,18867632436
81.4664,12275,58.1907,99,80,78,1533,687,1.23858,10,6.55,18967716688
91.3075,10952,57.9327,99,80,79,1513,687,1.23858,11,6.54988,19067780860
98.9511,10106,57.9327,99,80,79,1513,687,1.23858,11,6.54988,19167823992
114.679,8720,57.9327,99,80,79,1513,687,1.23858,11,6.54988,19267898744
95.8497,10433,57.9327,99,80,79,1513,687,1.23858,11,6.54988,19367970956
87.1688,11472,57.9327,99,80,79,1513,687,1.23858,11,6.54988,19468042917
92.1404,10853,55.4156,98,80,79,1500,687,1.23858,10,6.55024,19568111339
95.7488,10444,55.4156,98,80,79,1500,687,1.23858,10,6.55024,19668181811
79.1703,12631,55.4156,98,80,79,1500,687,1.23858,10,6.55024,19768282473
82.0681,12185,55.4156,98,80,79,1500,687,1.23858,10,6.55024,19869025093
114.903,8703,55.4156,98,80,79,1500,687,1.23858,10,6.55024,19969091575
86.7604,11526,55.814,99,80,79,1513,687,1.23858,9,6.55024,20069159007
77.6217,12883,55.814,99,80,79,1513,687,1.23858,9,6.55024,20169221119
88.3236,11322,55.814,99,80,79,1513,687,1.23858,9,6.55024,20269299841
78.6782,12710,55.814,99,80,79,1513,687,1.23858,9,6.55024,20369370313
88.9838,11238,55.814,99,80,79,1513,687,1.23858,9,6.55024,20469445654
96.8335,10327,54.2787,99,81,79,1513,687,1.23858,9,6.55025,20569514386
98.6193,10140,54.2787,99,81,79,1513,687,1.23858,9,6.55025,20669578208
78.6225,12719,54.2787,99,81,79,1513,687,1.23858,9,6.55025,20769641860
79.713,12545,54.2787,99,81,79,1513,687,1.23858,9,6.55025,20869714562
105.119,9513,54.2787,99,81,79,1513,687,1.23858,9,6.55025,20969781894
79.7957,12532,56.5432,97,81,78,1473,687,1.23858,10,6.55025,21069865116
92.9454,10759,56.5432,97,81,78,1473,687,1.23858,10,6.55025,21169957807
95.039,10522,56.5432,97,81,78,1473,687,1.23858,10,6.55025,21270032159
87.6885,11404,56.5432,97,81,78,1473,687,1.23858,10,6.55025,21370105211
84.2673,11867,56.5432,97,81,78,1473,687,1.23858,10,6.55025,21470174083
89.3735,11189,54.9618,99,81,79,1469,687,1.23858,10,6.55025,21570714704
80.3213,12450,54.9618,99,81,79,1469,687,1.23858,10,6.55025,21670784326
71.3165,14022,54.9618,99,81,79,1469,687,1.23858,10,6.55025,21770847947
87.6194,11413,54.9618,99,81,79,1469,687,1.23858,10,6.55025,21870914859
91.0084,10988,54.9618,99,81,79,1469,687,1.23858,10,6.55025,21970984351
73.1261,13675,55.0761,99,80,80,1501,687,1.23858,10,6.55028,22071054093
78.9889,12660,55.0761,99,80,80,1501,687,1.23858,10,6.55028,22171121515
78.0031,12820,55.0761,99,80,80,1501,687,1.23858,10,6.55028,22271183607
68.9941,14494,55.0761,99,80,80,1501,687,1.23858,10,6.55028,22371251589
86.6777,11537,55.0761,99,80,80,1501,687,1.23858,10,6.55028,22471335731
77.1605,12960,56.4677,99,81,80,1531,687,1.23858,10,6.5504,22571402022
98.5125,10151,56.4677,99,81,80,1531,687,1.23858,10,6.5504,22671473504
81.686,12242,56.4677,99,81,80,1531,687,1.23858,10,6.5504,22771541196
89.5977,11161,56.4677,99,81,80,1531,687,1.23858,10,6.5504,22871619328
78.9266,12670,56.4677,99,81,80,1531,687,1.23858,10,6.5504,22971691330
81.0767,12334,56.1881,99,81,80,1509,687,1.23858,10,6.55064,23071777222
77.7363,12864,56.1881,99,81,80,1509,687,1.23858,10,6.55064,23171965883
84.1964,11877,56.1881,99,81,80,1509,687,1.23858,10,6.55064,23272058815
83.8785,11922,56.1881,99,81,80,1509,687,1.23858,10,6.55064,23372197457
76.9468,12996,56.1881,99,81,80,1509,687,1.23858,10,6.55064,23472275229
81.3868,12287,56.6416,99,81,80,1488,687,1.23858,11,6.55048,23572348711
84.1184,11888,56.6416,99,81,80,1488,687,1.23858,11,6.55048,23672422772
92.8678,10768,56.6416,99,81,80,1488,687,1.23858,11,6.55048,23772494134
69.1898,14453,56.6416,99,81,80,1488,687,1.23858,11,6.55048,23872563786
93.8262,10658,56.6416,99,81,80,1488,687,1.23858,11,6.55048,23972636778
89.7344,11144,56.6416,99,81,80,1488,687,1.23858,11,6.55048,24072723810
75.3523,13271,55.5,99,81,80,1484,687,1.23858,11,6.55097,24172793172
98.8728,10114,55.5,99,81,80,1484,687,1.23858,11,6.55097,24272866474
70.8065,14123,55.5,99,81,80,1484,687,1.23858,11,6.55097,24372939195
75.9474,13167,55.5,99,81,80,1484,687,1.23858,11,6.55097,24473049397
79.6115,12561,55.5,99,81,80,1484,687,1.23858,11,6.55097,24573122829
83.8926,11920,54.4757,99,81,79,1490,687,1.23858,10,6.55097,24673236461
81.2414,12309,54.4757,99,81,79,1490,687,1.23858,10,6.55097,24773355753
71.3521,14015,54.4757,99,81,79,1490,687,1.23858,10,6.55097,24873422304
87.1536,11474,54.4757,99,81,79,1490,687,1.23858,10,6.55097,24973488596
84.0619,11896,54.4757,99,81,79,1490,687,1.23858,10,6.55097,25073715718
85.8959,11642,55.8376,99,81,80,1511,687,1.23858,11,6.55036,25173807700
87.3744,11445,55.8376,99,81,80,1511,687,1.23858,11,6.55036,25273876601
94.162,10620,55.8376,99,81,80,1511,687,1.23858,11,6.55036,25373949243
93.2314,10726,55.8376,99,81,80,1511,687,1.23858,11,6.55036,25474009135
69.118,14468,55.8376,99,81,80,1511,687,1.23858,11,6.55036,25574078697
66.6134,15012,55.8897,99,81,79,1506,687,1.23858,10,6.55085,25674146029
85.5578,11688,55.8897,99,81,79,1506,687,1.23858,10,6.55085,25774212211
98.5125,10151,55.8897,99,81,79,1506,687,1.23858,10,6.55085,25874282043
83.4028,11990,55.8897,99,81,79,1506,687,1.23858,10,6.55085,25974345655
90.2935,11075,55.8897,99,81,79,1506,687,1.23858,10,6.55085,26074415877
102.229,9782,56.6176,99,81,80,1458,687,1.23858,10,6.55072,26174480438
87.0777,11484,56.6176,99,81,80,1458,687,1.23858,10,6.55072,26274557810
97.1723,10291,56.6176,99,81,80,1458,687,1.23858,10,6.55072,26374702112
88.3158,11323,56.6176,99,81,80,1458,687,1.23858,10,6.55072,26474766014
94.6163,10569,56.6176,99,81,80,1458,687,1.23858,10,6.55072,26574843656
97.144,10294,54.5226,99,81,80,1489,687,1.23858,10,6.55072,26674910248
81.1162,12328,54.5226,99,81,80,1489,687,1.23858,10,6.55072,26774975369
88.5112,11298,54.5226,99,81,80,1489,687,1.23858,10,6.55072,26875038561
98.0969,10194,54.5226,99,81,80,1489,687,1.23858,10,6.55072,26975102233
97.0497,10304,54.5226,99,81,80,1489,687,1.23858,10,6.55072,27075170895
83.5771,11965,54.9738,99,81,79,1489,687,1.23858,10,6.55108,27175243917
99.691,10031,54.9738,99,81,79,1489,687,1.23858,10,6.55108,27275311339
99.6016,10040,54.9738,99,81,79,1489,687,1.23858,10,6.55108,27375444341
81.8063,12224,54.9738,99,81,79,1489,687,1.23858,10,6.55108,27475521442
83.1255,12030,54.9738,99,81,79,1489,687,1.23858,10,6.55108,27575595394
103.135,9696,54.9367,99,81,80,1509,687,1.23858,10,6.55084,27675663196
104.254,9592,54.9367,99,81,80,1509,687,1.23858,10,6.55084,27775739648
99.4926,10051,54.9367,99,81,80,1509,687,1.23858,10,6.55084,27875817140
81.8934,12211,54.9367,99,81,80,1509,687,1.23858,10,6.55084,27975887922
123.762,8080,54.9367,99,81,80,1509,687,1.23858,10,6.55084,28075998063
88.4721,11303,57.3494,99,81,80,1509,687,1.23858,10,6.55047,28176064095
92.7988,10776,57.3494,99,81,80,1509,687,1.23858,10,6.55047,28276129167
89.2698,11202,57.3494,99,81,80,1509,687,1.23858,10,6.55047,28376197359
108.909,9182,57.3494,99,81,80,1509,687,1.23858,10,6.55047,28476269061
90.1307,11095,57.3494,99,81,80,1509,687,1.23858,10,6.55047,28576334833
92.816,10774,55.1637,99,81,80,1507,687,1.23858,11,6.55047,28676405315
87.6885,11404,55.1637,99,81,80,1507,687,1.23858,11,6.55047,28776483127
107.492,9303,55.1637,99,81,80,1507,687,1.23858,11,6.55047,28876548338
78.2411,12781,55.1637,99,81,80,1507,687,1.23858,11,6.55047,28976619110
115.181,8682,55.1637,99,81,80,1507,687,1.23858,11,6.55047,29076687572
101.174,9884,56.1404,99,81,80,1505,687,1.23858,10,6.55084,29176749934
114.26,8752,56.1404,99,81,80,1505,687,1.23858,10,6.55084,29276821276
110.387,9059,56.1404,99,81,80,1505,687,1.23858,10,6.55084,29376896128
68.2874,14644,56.1404,99,81,80,1505,687,1.23858,10,6.55084,29476972930
81.706,12239,56.1404,99,81,80,1505,687,1.23858,10,6.55084,29577042162
105.563,9473,46.7172,99,81,79,1519,687,1.23858,10,6.55064,29677110613
89.823,11133,46.7172,99,81,79,1519,687,1.23858,10,6.55064,29777245405
99.3345,10067,46.7172,99,81,79,1519,687,1.23858,10,6.55064,29877320617
71.5308,13980,46.7172,99,81,79,1519,687,1.23858,10,6.55064,29977406749
94.3663,10597,46.7172,99,81,79,1519,687,1.23858,10,6.55064,30077476631
88.5583,11292,57.868,90,81,80,1326,687,1.23858,8,6.55137,30177541663
75.5572,13235,57.868,90,81,80,1326,687,1.23858,8,6.55137,30277614824
109.938,9096,57.868,90,81,80,1326,687,1.23858,8,6.55137,30377677416
91.5248,10926,57.868,90,81,80,1326,687,1.23858,8,6.55137,30477743858
91.3576,10946,57.868,90,81,80,1326,687,1.23858,8,6.55137,30577809410
146.778,6813,57.868,90,81,80,1326,687,1.23858,8,6.55137,30677872092
101.051,9896,51.8072,96,81,80,1508,687,1.24639,10,6.55088,30777934134
85.2152,11735,51.8072,96,81,80,1508,687,1.24639,10,6.55088,30877994076
75.884,13178,51.8072,96,81,80,1508,687,1.24639,10,6.55088,30978059338
66.2603,15092,51.8072,96,81,80,1508,687,1.24639,10,6.55088,31078128910
62.22,16072,51.8072,96,81,80,1508,687,1.24639,10,6.55088,31178646900
55.2792,18090,56.7775,81,81,86,1074,687,1.25421,5,6.55197,31278715882
70.3185,14221,56.7775,81,81,86,1074,687,1.25421,5,6.55197,31378785634
63.7064,15697,56.7775,81,81,86,1074,687,1.25421,5,6.55197,31478938686
69.2569,14439,56.7775,81,81,86,1074,687,1.25421,5,6.55197,31579278667
70.9774,14089,56.7775,81,81,86,1074,687,1.25421,5,6.55197,31679797088
65.6814,15225,73.5369,98,83,83,1131,687,1.25421,5,6.54911,31779864080
70.4821,14188,73.5369,98,83,83,1131,687,1.25421,5,6.54911,31879943491
66.9254,14942,73.5369,98,83,83,1131,687,1.25421,5,6.54911,31980008153
64.2673,15560,73.5369,98,83,83,1131,687,1.25421,5,6.54911,32080564474
58.5549,17078,73.5369,98,83,83,1131,687,1.25421,5,6.54911,32180630116
75.1484,13307,73.1266,94,84,83,1244,687,1.25421,6,6.54803,32280695728
63.0318,15865,73.1266,94,84,83,1244,687,1.25421,6,6.54803,32380762430
69.0274,14487,73.1266,94,84,83,1244,687,1.25421,6,6.54803,32480831261
57.5308,17382,73.1266,94,84,83,1244,687,1.25421,6,6.54803,32580912693
63.8447,15663,73.1266,94,84,83,1244,687,1.25421,6,6.54803,32681356294
66.538,15029,76.7327,98,83,82,1167,687,1.25421,5,6.54561,32781419916
72.1553,13859,76.7327,98,83,82,1167,687,1.25421,5,6.54561,32881482888
68.0689,14691,76.7327,98,83,82,1167,687,1.25421,5,6.54561,32981552570
67.6956,14772,76.7327,98,83,82,1167,687,1.25421,5,6.54561,33081617412
64.4995,15504,76.7327,98,83,82,1167,687,1.25421,5,6.54561,33181883373
67.5037,14814,78.607,97,84,82,1219,687,1.25421,5,6.54426,33281950075
57.2869,17456,78.607,97,84,82,1219,687,1.25421,5,6.54426,33382026227
61.6789,16213,78.607,97,84,82,1219,687,1.25421,5,6.54426,33482090619
67.1321,14896,78.607,97,84,82,1219,687,1.25421,5,6.54426,33582156351
72.5005,13793,78.607,97,84,82,1219,687,1.25421,5,6.54426,33682234712
57.7801,17307,79.2079,97,84,82,1219,687,1.25421,5,6.54086,33782345474
57.7301,17322,79.2079,97,84,82,1219,687,1.25421,5,6.54086,33882417276
62.7038,15948,79.2079,97,84,82,1219,687,1.25421,5,6.54086,33982481668
57.8168,17296,79.2079,97,84,82,1219,687,1.25421,5,6.54086,34082551010
59.2522,16877,79.2079,97,84,82,1219,687,1.25421,5,6.54086,34182611292
64.9773,15390,77.7228,97,84,85,1251,687,1.25425,6,6.56242,34282678524
64.7249,15450,77.7228,97,84,85,1251,687,1.25425,6,6.56242,34382743666
63.3513,15785,77.7228,97,84,85,1251,687,1.25425,6,6.56242,34482922917
75.1936,13299,77.7228,97,84,85,1251,687,1.25425,6,6.56242,34582990949
63.5405,15738,77.7228,97,84,85,1251,687,1.25425,6,6.56242,34683059801
58.1159,17207,77.6382,94,83,85,1157,687,1.25425,5,6.56442,34783129103
63.8774,15655,77.6382,94,83,85,1157,687,1.25425,5,6.56442,34883193715
71.4796,13990,77.6382,94,83,85,1157,687,1.25425,5,6.56442,34983263946
59.4389,16824,77.6382,94,83,85,1157,687,1.25425,5,6.56442,35083409958
62.4376,16016,77.6382,94,83,85,1157,687,1.25425,5,6.56442,35183474480
63.9264,15643,76.3359,96,84,83,1260,687,1.24644,5,6.56427,35283538112
73.8062,13549,76.3359,96,84,83,1260,687,1.24644,5,6.56427,35383609894
70.7314,14138,76.3359,96,84,83,1260,687,1.24644,5,6.56427,35483680616
65.5394,15258,76.3359,96,84,83,1260,687,1.24644,5,6.56427,35583964857
62.4805,16005,76.3359,96,84,83,1260,687,1.24644,5,6.56427,35684044459
65.445,15280,78.1407,97,84,82,1224,687,1.24644,5,6.56162,35784107191
72.3589,13820,78.1407,97,84,82,1224,687,1.24644,5,6.56162,35884169643
56.2873,17766,78.1407,97,84,82,1224,687,1.24644,5,6.56162,35984554014
66.6267,15009,78.1407,97,84,82,1224,687,1.24644,5,6.56162,36084618966
66.8137,14967,78.1407,97,84,82,1224,687,1.24644,5,6.56162,36184663648
73.888,13534,77.0781,99,83,82,1268,687,1.24644,6,6.56149,36284729249
59.2382,16881,77.0781,99,83,82,1268,687,1.24644,6,6.56149,36384794151
69.9105,14304,77.0781,99,83,82,1268,687,1.24644,6,6.56149,36484858483
75.4603,13252,77.0781,99,83,82,1268,687,1.24644,6,6.56149,36584926745
63.3754,15779,77.0781,99,83,82,1268,687,1.24644,6,6.56149,36684992037
65.4579,15277,77.1845,96,83,85,1291,687,1.24644,6,6.56176,36785064469
67.5584,14802,77.1845,96,83,85,1291,687,1.24644,6,6.56176,36885144831
71.6795,13951,77.1845,96,83,85,1291,687,1.24644,6,6.56176,36985215653
70.284,14228,77.1845,96,83,85,1291,687,1.24644,6,6.56176,37085293544
65.1254,15355,77.1845,96,83,85,1291,687,1.24644,6,6.56176,37185359096
65.2146,15334,75.75,97,83,81,1278,687,1.24644,6,6.56165,37285425518
57.1755,17490,75.75,97,83,81,1278,687,1.24644,6,6.56165,37385493740
74.1675,13483,75.75,97,83,81,1278,687,1.24644,6,6.56165,37485560772
70.1557,14254,75.75,97,83,81,1278,687,1.24644,6,6.56165,37585646624
68.3107,14639,75.75,97,83,81,1278,687,1.24644,6,6.56165,37685814385
68.2874,14644,77.6382,98,83,81,1300,687,1.24644,7,6.56297,37785884747
70.6015,14164,77.6382,98,83,81,1300,687,1.24644,7,6.56297,37885950819
69.7496,14337,77.6382,98,83,81,1300,687,1.24644,7,6.56297,37986371080
64,15625,77.6382,98,83,81,1300,687,1.24644,7,6.56297,38086433072
64.3583,15538,77.6382,98,83,81,1300,687,1.24644,7,6.56297,38186504664
69.8129,14324,76.2755,98,82,83,1298,687,1.24644,7,6.55999,38286570126
66.011,15149,76.2755,98,82,83,1298,687,1.24644,7,6.55999,38386642118
70.2149,14242,76.2755,98,82,83,1298,687,1.24644,7,6.55999,38486710979
72.5111,13791,76.2755,98,82,83,1298,687,1.24644,7,6.55999,38586778941
62.4142,16022,76.2755,98,82,83,1298,687,1.24644,7,6.55999,38686849583
60.8458,16435,76.6917,96,82,81,1304,687,1.24644,7,6.5599,38786915255
64.4039,15527,76.6917,96,82,81,1304,687,1.24644,7,6.5599,38886999537
64.3832,15532,76.6917,96,82,81,1304,687,1.24644,7,6.5599,38987156219
71.048,14075,76.6917,96,82,81,1304,687,1.24644,7,6.5599,39087219410
71.6949,13948,76.6917,96,82,81,1304,687,1.24644,7,6.5599,39187287222
69.4879,14391,76.6917,96,82,81,1304,687,1.24644,7,6.5599,39287351834
69.6282,14362,75.8025,97,82,83,1302,687,1.24644,7,6.56099,39387426486
66.2559,15093,75.8025,97,82,83,1302,687,1.24644,7,6.56099,39487493978
53.9054,18551,75.8025,97,82,83,1302,687,1.24644,7,6.56099,39587557760
67.9671,14713,75.8025,97,82,83,1302,687,1.24644,7,6.56099,39687624472
81.0701,12335,75.8025,97,82,83,1302,687,1.24644,7,6.56099,39787710904
61.6789,16213,72.6131,97,83,84,1302,687,1.24648,7,6.58897,39887778455
66.4673,15045,72.6131,97,83,84,1302,687,1.24648,7,6.58897,39987849157
77.6759,12874,72.6131,97,83,84,1302,687,1.24648,7,6.58897,40087914479
73.7246,13564,72.6131,97,83,84,1302,687,1.24648,7,6.58897,40187989991
64.4164,15524,72.6131,97,83,84,1302,687,1.24648,7,6.58897,40288033413
74.6603,13394,67.6768,93,83,81,1254,687,1.24644,6,6.5868,40388098145
71.3725,14011,67.6768,93,83,81,1254,687,1.24644,6,6.5868,40488172817
69.3866,14412,67.6768,93,83,81,1254,687,1.24644,6,6.5868,40588276139
56.3666,17741,67.6768,93,83,81,1254,687,1.24644,6,6.5868,40688343850
63.4196,15768,67.6768,93,83,81,1254,687,1.24644,6,6.5868,40788411102
53.1152,18827,74.5636,98,83,82,1277,687,1.24644,7,6.58732,40888481154
66.2164,15102,74.5636,98,83,82,1277,687,1.24644,7,6.58732,40988554136
67.6819,14775,74.5636,98,83,82,1277,687,1.24644,7,6.58732,41088620278
59.0284,16941,74.5636,98,83,82,1277,687,1.24644,7,6.58732,41188708550
67.6315,14786,74.5636,98,83,82,1277,687,1.24644,7,6.58732,41288773152
62.818,15919,75.6892,98,82,83,1323,687,1.24644,7,6.58502,41388841523
64.0205,15620,75.6892,98,82,83,1323,687,1.24644,7,6.58502,41489097275
65.9979,15152,75.6892,98,82,83,1323,687,1.24644,7,6.58502,41589162057
63.3392,15788,75.6892,98,82,83,1323,687,1.24644,7,6.58502,41689226519
60.4741,16536,75.6892,98,82,83,1323,687,1.24644,7,6.58502,41789296451
74.195,13478,75.188,98,82,82,1333,687,1.24644,7,6.58612,41889360032
66.64,15006,75.188,98,82,82,1333,687,1.24644,7,6.58612,41989442334
65.1551,15348,75.188,98,82,82,1333,687,1.24644,7,6.58612,42089510626
70.1607,14253,75.188,98,82,82,1333,687,1.24644,7,6.58612,42189576328
67.0017,14925,75.188,98,82,82,1333,687,1.24644,7,6.58612,42289648250
67.0286,14919,76.601,97,82,82,1332,687,1.24644,7,6.58312,42389724022
78.3208,12768,76.601,97,82,82,1332,687,1.24644,7,6.58312,42489858613
75.0356,13327,76.601,97,82,82,1332,687,1.24644,7,6.58312,42589928695
74.1785,13481,76.601,97,82,82,1332,687,1.24644,7,6.58312,42690014377
57.9139,17267,76.601,97,82,82,1332,687,1.24644,7,6.58312,42790096859
67.3219,14854,75.43,97,82,85,1310,687,1.2465,7,6.61225,42890162061
73.73,13563,75.43,97,82,85,1310,687,1.2465,7,6.61225,42990239093
58.5926,17067,75.43,97,82,85,1310,687,1.2465,7,6.61225,43090300055
64.0041,15624,75.43,97,82,85,1310,687,1.2465,7,6.61225,43190384576
69.701,14347,75.43,97,82,85,1310,687,1.2465,7,6.61225,43290460678
56.744,17623,77.2152,95,82,85,1226,687,1.2465,6,6.61338,43390523550
72.2178,13847,77.2152,95,82,85,1226,687,1.2465,6,6.61338,43490604542
58.4932,17096,77.2152,95,82,85,1226,687,1.2465,6,6.61338,43590668824
66.2032,15105,77.2152,95,82,85,1226,687,1.2465,6,6.61338,43690757846
80.6647,12397,77.2152,95,82,85,1226,687,1.2465,6,6.61338,43790828058
78.456,12746,79.0698,99,83,82,1217,687,1.2465,6,6.61327,43890891300
67.3582,14846,79.0698,99,83,82,1217,687,1.2465,6,6.61327,43990955511
51.1771,19540,79.0698,99,83,82,1217,687,1.2465,6,6.61327,44091021403
83.3125,12003,79.0698,99,83,82,1217,687,1.2465,6,6.61327,44191096485
68.306,14640,79.0698,99,83,82,1217,687,1.2465,6,6.61327,44291166847
72.1917,13852,79.5455,98,83,82,1302,687,1.2465,7,6.61382,44391236989
62.0193,16124,79.5455,98,83,82,1302,687,1.2465,7,6.61382,44491302711
75.4774,13249,79.5455,98,83,82,1302,687,1.2465,7,6.61382,44591379833
55.534,18007,79.5455,98,83,82,1302,687,1.2465,7,6.61382,44691590544
77.8877,12839,79.5455,98,83,82,1302,687,1.2465,7,6.61382,44791656256
73.2386,13654,72.7273,99,82,81,1344,687,1.2465,7,6.61221,44891728498
70.6265,14159,72.7273,99,82,81,1344,687,1.2465,7,6.61221,44991791460
60.2664,16593,72.7273,99,82,81,1344,687,1.2465,7,6.61221,45091863012
65.3467,15303,72.7273,99,82,81,1344,687,1.2465,7,6.61221,45191927004
65.0787,15366,72.7273,99,82,81,1344,687,1.2465,7,6.61221,45291992215
64.855,15419,73.5369,99,82,80,1342,687,1.2465,7,6.60756,45392057487
70.141,14257,73.5369,99,82,80,1342,687,1.2465,7,6.60756,45492124499
76.9645,12993,73.5369,99,82,80,1342,687,1.2465,7,6.60756,45592192961
78.2411,12781,73.5369,99,82,80,1342,687,1.2465,7,6.60756,45692257343
62.7431,15938,73.5369,99,82,80,1342,687,1.2465,7,6.60756,45792328305
67.6498,14782,77.2727,99,81,82,1342,687,1.2465,7,6.6079,45892403007
60.4997,16529,77.2727,99,81,82,1342,687,1.2465,7,6.6079,45992478948
78.0762,12808,77.2727,99,81,82,1342,687,1.2465,7,6.6079,46092552520
75.0694,13321,77.2727,99,81,82,1342,687,1.2465,7,6.6079,46192619692
68.861,14522,77.2727,99,81,82,1342,687,1.2465,7,6.6079,46292658564
61.7475,16195,76.9042,99,81,80,1333,687,1.2465,7,6.60621,46392724906
76.9941,12988,76.9042,99,81,80,1333,687,1.2465,7,6.60621,46492794958
69.0799,14476,76.9042,99,81,80,1333,687,1.2465,7,6.60621,46592983170
72.4323,13806,76.9042,99,81,80,1333,687,1.2465,7,6.60621,46693059041
60.1359,16629,76.9042,99,81,80,1333,687,1.2465,7,6.60621,46793133763
79.3084,12609,78.1638,99,82,81,1327,687,1.2465,7,6.60297,46893199635
73.524,13601,78.1638,99,82,81,1327,687,1.2465,7,6.60297,46993266207
71.2962,14026,78.1638,99,82,81,1327,687,1.2465,7,6.60297,47093337859
75.0863,13318,78.1638,99,82,81,1327,687,1.2465,7,6.60297,47193399821
67.8748,14733,78.1638,99,82,81,1327,687,1.2465,7,6.60297,47293465833
77.3934,12921,76.2626,99,82,82,1329,687,1.2465,7,6.60263,47393531304
76.9645,12993,76.2626,99,82,82,1329,687,1.2465,7,6.60263,47493599696
71.2301,14039,76.2626,99,82,82,1329,687,1.2465,7,6.60263,47593669028
63.5566,15734,76.2626,99,82,82,1329,687,1.2465,7,6.60263,47693743140
60.3755,16563,76.2626,99,82,82,1329,687,1.2465,7,6.60263,47793818062
81.5993,12255,76.3359,99,82,81,1300,687,1.2465,7,6.59899,47893889334
56.3571,17744,76.3359,99,82,81,1300,687,1.2465,7,6.59899,47993955336
71.1491,14055,76.3359,99,82,81,1300,687,1.2465,7,6.59899,48094020728
58.3567,17136,76.3359,99,82,81,1300,687,1.2465,7,6.59899,48194087719
62.1659,16086,76.3359,99,82,81,1300,687,1.2465,7,6.59899,48294157181
55.8254,17913,76.3359,99,82,81,1300,687,1.2465,7,6.59899,48394226763
46.2749,21610,70.9756,97,82,86,1267,687,1.2465,6,6.60254,48494303815
64.5286,15497,70.9756,97,82,86,1267,687,1.2465,6,6.60254,48594389837
59.6125,16775,70.9756,97,82,86,1267,687,1.2465,6,6.60254,48694450349
52.626,19002,70.9756,97,82,86,1267,687,1.2465,6,6.60254,48794519201
59.0563,16933,70.9756,97,82,86,1267,687,1.2465,6,6.60254,48894586623
57.4251,17414,62.6598,93,83,88,1039,687,1.2465,4,6.60114,48994656914
56.6508,17652,62.6598,93,83,88,1039,687,1.2465,4,6.60114,49094816836
57.0711,17522,62.6598,93,83,88,1039,687,1.2465,4,6.60114,49194953088
60.0024,16666,62.6598,93,83,88,1039,687,1.2465,4,6.60114,49295016930
54.2123,18446,62.6598,93,83,88,1039,687,1.2465,4,6.60114,49395078182
56.5611,17680,66.0891,91,85,85,1061,687,1.2465,4,6.59822,49495142363
51.8054,19303,66.0891,91,85,85,1061,687,1.2465,4,6.59822,49595205215
64.0615,15610,66.0891,91,85,85,1061,687,1.2465,4,6.59822,49695273307
63.4035,15772,66.0891,91,85,85,1061,687,1.2465,4,6.59822,49795361529
55.6328,17975,66.0891,91,85,85,1061,687,1.2465,4,6.59822,49895426081
56.638,17656,67.9293,92,85,85,1043,687,1.2465,4,6.59642,49995664312
55.816,17916,67.9293,92,85,85,1043,687,1.2465,4,6.59642,50095725494
66.4849,15041,67.9293,92,85,85,1043,687,1.2465,4,6.59642,50195807736
64.6287,15473,67.9293,92,85,85,1043,687,1.2465,4,6.59642,50295869748
62.8378,15914,67.9293,92,85,85,1043,687,1.2465,4,6.59642,50395959060
65.1933,15339,52.1303,92,86,82,1091,687,1.2465,4,6.59596,50496035432
68.9465,14504,52.1303,92,86,82,1091,687,1.2465,4,6.59596,50596098234
68.4182,14616,52.1303,92,86,82,1091,687,1.2465,4,6.59596,50696162775
61.4175,16282,52.1303,92,86,82,1091,687,1.2465,4,6.59596,50796223687
55.7165,17948,52.1303,92,86,82,1091,687,1.2465,4,6.59596,50896292309
69.9301,14300,50.2475,93,85,83,1278,687,1.2465,6,6.5967,50996358551
74.3384,13452,50.2475,93,85,83,1278,687,1.2465,6,6.5967,51096426353
65.7851,15201,50.2475,93,85,83,1278,687,1.2465,6,6.5967,51196488535
68.8753,14519,50.2475,93,85,83,1278,687,1.2465,6,6.5967,51296558607
68.2734,14647,50.2475,93,85,83,1278,687,1.2465,6,6.5967,51396622749
75.0751,13320,50.7317,86,83,86,1234,687,1.2465,6,6.59634,51496689990
60.4449,16544,50.7317,86,83,86,1234,687,1.2465,6,6.59634,51596753242
71.4898,13988,50.7317,86,83,86,1234,687,1.2465,6,6.59634,51696817784
68.1849,14666,50.7317,86,83,86,1234,687,1.2465,6,6.59634,51796876036
67.1637,14889,50.7317,86,83,86,1234,687,1.2465,6,6.59634,51896944128
73.7572,13558,50.1266,91,83,82,1221,687,1.2465,6,6.59608,51997010710
68.0642,14692,50.1266,91,83,82,1221,687,1.2465,6,6.59608,52097084012
68.5918,14579,50.1266,91,83,82,1221,687,1.2465,6,6.59608,52197146984
68.7853,14538,50.1266,91,83,82,1221,687,1.2465,6,6.59608,52297208526
64.0943,15602,50.1266,91,83,82,1221,687,1.2465,6,6.59608,52397281377
59.2066,16890,49.4924,85,83,81,1283,687,1.2465,7,6.59606,52497349319
56.079,17832,49.4924,85,83,81,1283,687,1.2465,7,6.59606,52597424491
68.0133,14703,49.4924,85,83,81,1283,687,1.2465,7,6.59606,52697488863
62.7904,15926,49.4924,85,83,81,1283,687,1.2465,7,6.59606,52797553415
69.4637,14396,49.4924,85,83,81,1283,687,1.2465,7,6.59606,52897621907
63.597,15724,47.2585,85,82,86,1283,687,1.2465,7,6.59586,52997690569
68.3854,14623,47.2585,85,82,86,1283,687,1.2465,7,6.59586,53097751761
66.0633,15137,47.2585,85,82,86,1283,687,1.2465,7,6.59586,53197818652
74.107,13494,47.2585,85,82,86,1283,687,1.2465,7,6.59586,53298128084
69.8275,14321,47.2585,85,82,86,1283,687,1.2465,7,6.59586,53398152106
71.9373,13901,50.1228,92,82,82,1297,687,1.2465,7,6.5961,53498215398
64.0123,15622,50.1228,92,82,82,1297,687,1.2465,7,6.5961,53598302279
65.8371,15189,50.1228,92,82,82,1297,687,1.2465,7,6.5961,53698368191
73.6377,13580,50.1228,92,82,82,1297,687,1.2465,7,6.5961,53798442233
69.3577,14418,50.1228,92,82,82,1297,687,1.2465,7,6.5961,53898504145
61.7742,16188,51.4563,97,83,82,1224,687,1.2465,6,6.59668,53998567927
58.099,17212,51.4563,97,83,82,1224,687,1.2465,6,6.59668,54098637309
73.0834,13683,51.4563,97,83,82,1224,687,1.2465,6,6.59668,54198730991
57.3362,17441,51.4563,97,83,82,1224,687,1.2465,6,6.59668,54298804882
65.1593,15347,51.4563,97,83,82,1224,687,1.2465,6,6.59668,54398871894
65.9805,15156,51.4778,90,83,82,1273,687,1.2465,6,6.59637,54498935486
69.6185,14364,51.4778,90,83,82,1273,687,1.2465,6,6.59637,54599001178
65.0576,15371,51.4778,90,83,82,1273,687,1.2465,6,6.59637,54699073540
70.0918,14267,51.4778,90,83,82,1273,687,1.2465,6,6.59637,54799137152
66.6978,14993,51.4778,90,83,82,1273,687,1.2465,6,6.59637,54899206474
60.3136,16580,51.4778,90,83,82,1273,687,1.2465,6,6.59637,54999293696
66.8092,14968,51.4423,88,83,84,1261,687,1.2465,6,6.59641,55099365037
62.543,15989,51.4423,88,83,84,1261,687,1.2465,6,6.59641,55199439309
67.2902,14861,51.4423,88,83,84,1261,687,1.2465,6,6.59641,55299506331
63.1194,15843,51.4423,88,83,84,1261,687,1.2465,6,6.59641,55399584933
68.9275,14508,51.4423,88,83,84,1261,687,1.2465,6,6.59641,55499651825
64.3749,15534,53.2407,90,83,85,1274,687,1.2465,6,6.59648,55599833426
71.9787,13893,53.2407,90,83,85,1274,687,1.2465,6,6.59648,55699896208
63.1154,15844,53.2407,90,83,85,1274,687,1.2465,6,6.59648,55799965750
69.2761,14435,53.2407,90,83,85,1274,687,1.2465,6,6.59648,55900230892
36.0529,27737,53.2407,90,83,85,1274,687,1.2465,6,6.59648,56000293854
43.9271,22765,50.6112,90,83,83,1315,687,1.2465,6,6.59728,56100370905
78.3208,12768,50.6112,90,83,83,1315,687,1.2465,6,6.59728,56200439697
64.9857,15388,50.6112,90,83,83,1315,687,1.2465,6,6.59728,56300509559
51.5996,19380,50.6112,90,83,83,1315,687,1.2465,6,6.59728,56400587911
60.5364,16519,50.6112,90,83,83,1315,687,1.2465,6,6.59728,56500692713
59.3085,16861,58.4158,77,82,87,947,687,1.37151,4,6.59534,56600768645
46.3714,21565,58.4158,77,82,87,947,687,1.37151,4,6.59534,56700829246
50.4465,19823,58.4158,77,82,87,947,687,1.37151,4,6.59534,56800893648
49.8033,20079,58.4158,77,82,87,947,687,1.37151,4,6.59534,56900963390
51.0126,19603,58.4158,77,82,87,947,687,1.37151,4,6.59534,57001038762
61.2708,16321,66.1654,80,84,86,898,687,1.37151,3,6.5952,57101099254
57.6934,17333,66.1654,80,84,86,898,687,1.37151,3,6.5952,57201172616
63.3312,15790,66.1654,80,84,86,898,687,1.37151,3,6.5952,57301240908
58.3328,17143,66.1654,80,84,86,898,687,1.37151,3,6.5952,57401307790
56.9573,17557,66.1654,80,84,86,898,687,1.37151,3,6.5952,57501380101
56.7859,17610,67.9389,93,86,86,943,687,1.37151,4,6.59529,57601439303
61.4364,16277,67.9389,93,86,86,943,687,1.37151,4,6.59529,57701504625
52.4274,19074,67.9389,93,86,86,943,687,1.37151,4,6.59529,57801648327
53.7374,18609,67.9389,93,86,86,943,687,1.37151,4,6.59529,57901711809
54.0103,18515,67.9389,93,86,86,943,687,1.37151,4,6.59529,58001775721
64.6412,15470,67.2634,87,86,84,985,687,1.37151,4,6.59492,58101838233
56.6765,17644,67.2634,87,86,84,985,687,1.37151,4,6.59492,58201916434
53.6049,18655,67.2634,87,86,84,985,687,1.37151,4,6.59492,58301983666
53.9724,18528,67.2634,87,86,84,985,687,1.37151,4,6.59492,58402060668
60.757,16459,67.2634,87,86,84,985,687,1.37151,4,6.59492,58502127110
57.5606,17373,69.9029,87,85,83,1022,687,1.37151,4,6.59526,58602190692
57.0581,17526,69.9029,87,85,83,1022,687,1.37151,4,6.59526,58702256444
56.6091,17665,69.9029,87,85,83,1022,687,1.37151,4,6.59526,58802294426
55.2883,18087,69.9029,87,85,83,1022,687,1.37151,4,6.59526,58902364418
51.2505,19512,69.9029,87,85,83,1022,687,1.37151,4,6.59526,59002434610
56.8343,17595,69.403,89,85,84,1053,687,1.37151,4,6.5955,59102540031
55.6359,17974,69.403,89,85,84,1053,687,1.37151,4,6.5955,59202611963
54.8908,18218,69.403,89,85,84,1053,687,1.37151,4,6.5955,59302678735
52.7927,18942,69.403,89,85,84,1053,687,1.37151,4,6.5955,59402774947
57.3954,17423,69.403,89,85,84,1053,687,1.37151,4,6.5955,59502873619
47.7168,20957,69.1358,89,85,83,1053,687,1.37151,4,6.59575,59602935521
60.3755,16563,69.1358,89,85,83,1053,687,1.37151,4,6.59575,59703023402
52.1703,19168,69.1358,89,85,83,1053,687,1.37151,4,6.59575,59803101174
56.0412,17844,69.1358,89,85,83,1053,687,1.37151,4,6.59575,59903179646
57.0809,17519,69.1358,89,85,83,1053,687,1.37151,4,6.59575,60003264428
63.2951,15799,68.6717,91,85,83,1052,687,1.37151,4,6.59599,60103342520
54.401,18382,68.6717,91,85,83,1052,687,1.37151,4,6.59599,60203409632
60.7533,16460,68.6717,91,85,83,1052,687,1.37151,4,6.59599,60303475144
54.4633,18361,68.6717,91,85,83,1052,687,1.37151,4,6.59599,60403584905
50.7331,19711,68.6717,91,85,83,1052,687,1.37151,4,6.59599,60503662987
53.888,18557,69.5864,86,85,87,1092,687,1.37151,4,6.5966,60603743809
57.8402,17289,69.5864,86,85,87,1092,687,1.37151,4,6.5966,60703809421
61.8009,16181,69.5864,86,85,87,1092,687,1.37151,4,6.5966,60803904703
54.0161,18513,69.5864,86,85,87,1092,687,1.37151,4,6.5966,60903971235
58.17,17191,69.5864,86,85,87,1092,687,1.37151,4,6.5966,61004035466
52.8597,18918,68.262,90,85,86,1055,687,1.37151,4,6.59672,61104117238
54.2123,18446,68.262,90,85,86,1055,687,1.37151,4,6.59672,61204407870
54.615,18310,68.262,90,85,86,1055,687,1.37151,4,6.59672,61304513031
55.5124,18014,68.262,90,85,86,1055,687,1.37151,4,6.59672,61404586373
60.3318,16575,68.262,90,85,86,1055,687,1.37151,4,6.59672,61504661445
58.682,17041,67.9901,90,85,84,1056,687,1.37151,4,6.59635,61604734257
56.9995,17544,67.9901,90,85,84,1056,687,1.37151,4,6.59635,61704802849
56.4016,17730,67.9901,90,85,84,1056,687,1.37151,4,6.59635,61804868611
54.1301,18474,67.9901,90,85,84,1056,687,1.37151,4,6.59635,61904913003
54.603,18314,67.9901,90,85,84,1056,687,1.37151,4,6.59635,62004979685
59.4071,16833,67.9901,90,85,84,1056,687,1.37151,4,6.59635,62105055476
51.6849,19348,66.5012,88,84,87,1037,687,1.37151,4,6.59647,62205128298
52.203,19156,66.5012,88,84,87,1037,687,1.37151,4,6.59647,62305188810
54.1184,18478,66.5012,88,84,87,1037,687,1.37151,4,6.59647,62405259482
48.7377,20518,66.5012,88,84,87,1037,687,1.37151,4,6.59647,62505326794
56.7698,17615,66.5012,88,84,87,1037,687,1.37151,4,6.59647,62605397366
59.1541,16905,68.3292,89,84,83,1057,687,1.37151,4,6.59683,62705472348
54.2388,18437,68.3292,89,84,83,1057,687,1.37151,4,6.59683,62805538240
57.7667,17311,68.3292,89,84,83,1057,687,1.37151,4,6.59683,62905603541
57.8202,17295,68.3292,89,84,83,1057,687,1.37151,4,6.59683,63005671853
46.7508,21390,68.3292,89,84,83,1057,687,1.37151,4,6.59683,63105739865
58.1734,17190,69.3046,91,85,84,1106,687,1.37151,5,6.59658,63205808147
63.0636,15857,69.3046,91,85,84,1106,687,1.37151,5,6.59658,63305871619
44.8491,22297,69.3046,91,85,84,1106,687,1.37151,5,6.59658,63407056138
62.5626,15984,69.3046,91,85,84,1106,687,1.37151,5,6.59658,63507113530
59.0319,16940,69.3046,91,85,84,1106,687,1.37151,5,6.59658,63607352081
57.0516,17528,67.75,87,84,85,1065,687,1.37151,4,6.59683,63707422883
53.0701,18843,67.75,87,84,85,1065,687,1.37151,4,6.59683,63807499055
64.1026,15600,67.75,87,84,85,1065,687,1.37151,4,6.59683,63907567577
54.057,18499,67.75,87,84,85,1065,687,1.37151,4,6.59683,64007645329
52.0942,19196,67.75,87,84,85,1065,687,1.37151,4,6.59683,64107721951
61.6447,16222,68.0288,87,84,84,1049,687,1.37151,5,6.59658,64207978302
54.939,18202,68.0288,87,84,84,1049,687,1.37151,5,6.59658,64308049044
59.0702,16929,68.0288,87,84,84,1049,687,1.37151,5,6.59658,64408110506
54.1712,18460,68.0288,87,84,84,1049,687,1.37151,5,6.59658,64508174938
59.4283,16827,68.0288,87,84,84,1049,687,1.37151,5,6.59658,64608393559
55.6607,17966,67.3367,89,84,85,1075,687,1.37151,4,6.59695,64708460141
56.6123,17664,67.3367,89,84,85,1075,687,1.37151,4,6.59695,64808526223
49.9226,20031,67.3367,89,84,85,1075,687,1.37151,4,6.59695,64908599675
61.4704,16268,67.3367,89,84,85,1075,687,1.37151,4,6.59695,65008661717
52.9549,18884,67.3367,89,84,85,1075,687,1.37151,4,6.59695,65108730769
66.9254,14942,67.0762,87,84,87,1087,687,1.37151,5,6.59719,65208792940
60.3646,16566,67.0762,87,84,87,1087,687,1.37151,5,6.59719,65308859152
61.41,16284,67.0762,87,84,87,1087,687,1.37151,5,6.59719,65408929864
60.3755,16563,67.0762,87,84,87,1087,687,1.37151,5,6.59719,65509003146
61.6295,16226,67.0762,87,84,87,1087,687,1.37151,5,6.59719,65609065598
66.4364,15052,68.6893,87,84,86,1087,687,1.37151,5,6.59707,65709148940
64.3294,15545,68.6893,87,84,86,1087,687,1.37151,5,6.59707,65809219372
73.3676,13630,68.6893,87,84,86,1087,687,1.37151,5,6.59707,65909298934
73.5132,13603,68.6893,87,84,86,1087,687,1.37151,5,6.59707,66009363055
59.5557,16791,68.6893,87,84,86,1087,687,1.37151,5,6.59707,66109429327
56.392,17733,66.3391,91,84,86,1023,687,1.37151,4,6.59695,66209492669
59.4707,16815,66.3391,91,84,86,1023,687,1.37151,4,6.59695,66309620291
54.8968,18216,66.3391,91,84,86,1023,687,1.37151,4,6.59695,66409692643
64.5911,15482,66.3391,91,84,86,1023,687,1.37151,4,6.59695,66509743985
64.4039,15527,66.3391,91,84,86,1023,687,1.37151,4,6.59695,66609812077
51.0256,19598,64.0827,91,85,88,929,687,1.37151,3,6.5967,66709879858
65.7117,15218,64.0827,91,85,88,929,687,1.37151,3,6.5967,66809943010
60.6722,16482,64.0827,91,85,88,929,687,1.37151,3,6.5967,66910008752
59.1996,16892,64.0827,91,85,88,929,687,1.37151,3,6.5967,67010072894
58.4454,17110,64.0827,91,85,88,929,687,1.37151,3,6.5967,67110136806
67.2495,14870,64.2673,90,86,86,949,687,1.37151,4,6.59658,67210219418
64.4828,15508,64.2673,90,86,86,949,687,1.37151,4,6.59658,67310392419
66.6089,15013,64.2673,90,86,86,949,687,1.37151,4,6.59658,67410456371
70.6814,14148,64.2673,90,86,86,949,687,1.37151,4,6.59658,67510539813
64.4745,15510,64.2673,90,86,86,949,687,1.37151,4,6.59658,67610610035
54.3922,18385,63.5236,90,86,85,994,687,1.37151,4,6.59707,67710672687
81.9403,12204,63.5236,90,86,85,994,687,1.37151,4,6.59707,67810735159
61.1509,16353,63.5236,90,86,85,994,687,1.37151,4,6.59707,67910801631
58.4385,17112,63.5236,90,86,85,994,687,1.37151,4,6.59707,68010861613
60.9868,16397,63.5236,90,86,85,994,687,1.37151,4,6.59707,68111691923
64.9014,15408,63.2754,88,86,87,1001,687,1.37151,4,6.5967,68211761314
57.7634,17312,63.2754,88,86,87,1001,687,1.37151,4,6.5967,68311823406
65.6599,15230,63.2754,88,86,87,1001,687,1.37151,4,6.5967,68411891238
59.4707,16815,63.2754,88,86,87,1001,687,1.37151,4,6.5967,68511953730
80.3019,12453,63.2754,88,86,87,1001,687,1.37151,4,6.5967,68612016362
58.8893,16981,65.0367,90,85,86,975,687,1.37151,4,6.59682,68712083124
68.975,14498,65.0367,90,85,86,975,687,1.37151,4,6.59682,68812161746
54.2918,18419,65.0367,90,85,86,975,687,1.37151,4,6.59682,68912237808
64.5078,15502,65.0367,90,85,86,975,687,1.37151,4,6.59682,69012312519
69.6136,14365,65.0367,90,85,86,975,687,1.37151,4,6.59682,69112533521
60.1974,16612,65.0367,90,85,86,975,687,1.37151,4,6.59682,69212602653
59.8551,16707,62.1554,90,85,86,1008,687,1.37151,4,6.59706,69312663655
58.7648,17017,62.1554,90,85,86,1008,687,1.37151,4,6.59706,69412722357
66.2339,15098,62.1554,90,85,86,1008,687,1.37151,4,6.59706,69512786738
63.4115,15770,62.1554,90,85,86,1008,687,1.37151,4,6.59706,69612850100
76.0572,13148,62.1554,90,85,86,1008,687,1.37151,4,6.59706,69712914922
58.7027,17035,61.9512,89,85,84,1006,687,1.37151,4,6.59743,69812980874
50.9762,19617,61.9512,89,85,84,1006,687,1.37151,4,6.59743,69913053566
63.1273,15841,61.9512,89,85,84,1006,687,1.37151,4,6.59743,70013120248
64.6371,15471,61.9512,89,85,84,1006,687,1.37151,4,6.59743,70113180190
50.6663,19737,61.9512,89,85,84,1006,687,1.37151,4,6.59743,70213244682
67.2224,14876,59.6977,88,85,82,1033,687,1.37151,4,6.59743,70313308524
62.135,16094,59.6977,88,85,82,1033,687,1.37151,4,6.59743,70413378235
61.459,16271,59.6977,88,85,82,1033,687,1.37151,4,6.59743,70513459487
77.4893,12905,59.6977,88,85,82,1033,687,1.37151,4,6.59743,70613527679
64.9562,15395,59.6977,88,85,82,1033,687,1.37151,4,6.59743,70713595401
53.9578,18533,62.5935,93,85,86,1041,687,1.37151,4,6.59731,70813665743
57.8302,17292,62.5935,93,85,86,1041,687,1.37151,4,6.59731,70913739425
70.7714,14130,62.5935,93,85,86,1041,687,1.37151,4,6.59731,71014739584
54.8817,18221,62.5935,93,85,86,1041,687,1.37151,4,6.59731,71114960106
59.2066,16890,62.5935,93,85,86,1041,687,1.37151,4,6.59731,71215001528
65.2018,15337,63.9506,89,85,86,1100,687,1.37151,4,6.59877,71315090620
61.2332,16331,63.9506,89,85,86,1100,687,1.37151,4,6.59877,71415165231
65.2018,15337,63.9506,89,85,86,1100,687,1.37151,4,6.59877,71515506603
63.0915,15850,63.9506,89,85,86,1100,687,1.37151,4,6.59877,71615567715
60.0384,16656,63.9506,89,85,86,1100,687,1.37151,4,6.59877,71715627166
68.7191,14552,61.0825,92,84,84,1077,687,1.37151,4,6.5983,71815690348
69.3674,14416,61.0825,92,84,84,1077,687,1.37151,4,6.5983,71915756680
56.3285,17753,61.0825,92,84,84,1077,687,1.37151,4,6.5983,72015830422
59.9592,16678,61.0825,92,84,84,1077,687,1.37151,4,6.5983,72115902114
55.8285,17912,61.0825,92,84,84,1077,687,1.37151,4,6.5983,72215967186
76.9468,12996,63.6139,92,85,87,1139,687,1.37151,5,6.59852,72316041638
63.3714,15780,63.6139,92,85,87,1139,687,1.37151,5,6.59852,72416167239
68.7663,14542,63.6139,92,85,87,1139,687,1.37151,5,6.59852,72516249271
61.7284,16200,63.6139,92,85,87,1139,687,1.37151,5,6.59852,72616319343
52.7426,18960,63.6139,92,85,87,1139,687,1.37151,5,6.59852,72716381285
62.818,15919,68.1592,92,84,82,1139,687,1.37151,5,6.59206,72816455677
49.5589,20178,68.1592,92,84,82,1139,687,1.37151,5,6.59206,72916521709
65.5824,15248,68.1592,92,84,82,1139,687,1.37151,5,6.59206,73016588461
63.7999,15674,68.1592,92,84,82,1139,687,1.37151,5,6.59206,73117122791
59.0005,16949,68.1592,92,84,82,1139,687,1.37151,5,6.59206,73217188983
57.3954,17423,62.6238,92,84,84,1054,687,1.37151,5,6.59138,73317261695
64.704,15455,62.6238,92,84,84,1054,687,1.37151,5,6.59138,73417366247
66.8717,14954,62.6238,92,84,84,1054,687,1.37151,5,6.59138,73517440189
64.6998,15456,62.6238,92,84,84,1054,687,1.37151,5,6.59138,73617505581
72.0409,13881,62.6238,92,84,84,1054,687,1.37151,5,6.59138,73717567262
56.4812,17705,60.4938,89,84,85,1116,687,1.37151,4,6.59101,73817681454
72.223,13846,60.4938,89,84,85,1116,687,1.37151,4,6.59101,73917753636
74.4214,13437,60.4938,89,84,85,1116,687,1.37151,4,6.59101,74017863498
60.7866,16451,60.4938,89,84,85,1116,687,1.37151,4,6.59101,74117924050
70.0231,14281,60.4938,89,84,85,1116,687,1.37151,4,6.59101,74217988002
64.7417,15446,62.25,91,84,85,1128,687,1.37151,5,6.59125,74318056244
56.7924,17608,62.25,91,84,85,1128,687,1.37151,5,6.59125,74418119605
68.8184,14531,62.25,91,84,85,1128,687,1.37151,5,6.59125,74518305687
72.6533,13764,62.25,91,84,85,1128,687,1.37151,5,6.59125,74618377049
61.0874,16370,62.25,91,84,85,1128,687,1.37151,5,6.59125,74718577270
64.8004,15432,62.25,91,84,85,1128,687,1.37151,5,6.59125,74818640982
72.0046,13888,62.0438,96,84,85,1078,687,1.37151,4,6.59125,74918706494
65.1126,15358,62.0438,96,84,85,1078,687,1.37151,4,6.59125,75018777966
77.3754,12924,62.0438,96,84,85,1078,687,1.37151,4,6.59125,75118856548
57.8302,17292,62.0438,96,84,85,1078,687,1.37151,4,6.59125,75218925340
66.8092,14968,62.0438,96,84,85,1078,687,1.37151,4,6.59125,75318994782
78.064,12810,63.0273,91,85,82,1052,687,1.37151,4,6.59089,75419153383
78.8955,12675,63.0273,91,85,82,1052,687,1.37151,4,6.59089,75519219275
67.3219,14854,63.0273,91,85,82,1052,687,1.37151,4,6.59089,75619285617
71.0328,14078,63.0273,91,85,82,1052,687,1.37151,4,6.59089,75719342169
73.4754,13610,63.0273,91,85,82,1052,687,1.37151,4,6.59089,75819409521
58.7096,17033,61.2903,94,85,86,1126,687,1.37151,5,6.59137,75919476663
62.7392,15939,61.2903,94,85,86,1126,687,1.37151,5,6.59137,76019539875
81.7528,12232,61.2903,94,85,86,1126,687,1.37151,5,6.59137,76119602476
73.2601,13650,61.2903,94,85,86,1126,687,1.37151,5,6.59137,76219793668
61.9118,16152,61.2903,94,85,86,1126,687,1.37151,5,6.59137,76319859920
71.958,13897,61.165,92,84,86,1085,687,1.37151,4,6.59125,76419930772
64.7417,15446,61.165,92,84,86,1085,687,1.37151,4,6.59125,76519992974
67.4354,14829,61.165,92,84,86,1085,687,1.37151,4,6.59125,76620055786
71.286,14028,61.165,92,84,86,1085,687,1.37151,4,6.59125,76720126607
64.6663,15464,61.165,92,84,86,1085,687,1.37151,4,6.59125,76820196259
73.2977,13643,61.194,92,85,84,1064,687,1.37151,5,6.59148,76920265571
67.1501,14892,61.194,92,85,84,1064,687,1.37151,5,6.59148,77020407313
68.5401,14590,61.194,92,85,84,1064,687,1.37151,5,6.59148,77120473545
68.3107,14639,61.194,92,85,84,1064,687,1.37151,5,6.59148,77220553307
63.8121,15671,61.194,92,85,84,1064,687,1.37151,5,6.59148,77320655318
59.8337,16713,62.25,90,85,85,1099,687,1.37151,5,6.59534,77420717580
70.141,14257,62.25,90,85,85,1099,687,1.37151,5,6.59534,77520781672
68.0596,14693,62.25,90,85,85,1099,687,1.37151,5,6.59534,77620846134
67.8841,14731,62.25,90,85,85,1099,687,1.37151,5,6.59534,77720908436
64.834,15424,62.25,90,85,85,1099,687,1.37151,5,6.59534,77820987988
66.0502,15140,59.204,90,84,86,1121,687,1.37151,5,6.59513,77921070600
73.1368,13673,59.204,90,84,86,1121,687,1.37151,5,6.59513,78021169421
62.9525,15885,59.204,90,84,86,1121,687,1.37151,5,6.59513,78121237443
84.2034,11876,59.204,90,84,86,1121,687,1.37151,5,6.59513,78221298605
63.4759,15754,59.204,90,84,86,1121,687,1.37151,5,6.59513,78321361187
77.006,12986,58.4158,91,84,83,1121,687,1.37151,5,6.59481,78421424809
62.4571,16011,58.4158,91,84,83,1121,687,1.37151,5,6.59481,78521491371
66.921,14943,58.4158,91,84,83,1121,687,1.37151,5,6.59481,78621554003
90.6536,11031,58.4158,91,84,83,1121,687,1.37151,5,6.59481,78721622515
56.0099,17854,58.4158,91,84,83,1121,687,1.37151,5,6.59481,78821681437
65.6168,15240,59.3909,90,84,84,1138,687,1.37146,5,6.56437,78921730238
64.317,15548,59.3909,90,84,84,1138,687,1.37146,5,6.56437,79021792860
69.2569,14439,59.3909,90,84,84,1138,687,1.37146,5,6.56437,79121889132
56.3952,17732,59.3909,90,84,84,1138,687,1.37146,5,6.56437,79221959094
80.1411,12478,59.3909,90,84,84,1138,687,1.37146,5,6.56437,79322028206
71.8184,13924,58.3548,90,84,84,1138,687,1.37146,5,6.56486,79422094768
64.7082,15454,58.3548,90,84,84,1138,687,1.37146,5,6.56486,79522158110
62.8496,15911,58.3548,90,84,84,1138,687,1.37146,5,6.56486,79622238572
58.2208,17176,58.3548,90,84,84,1138,687,1.37146,5,6.56486,79722311463
60.5987,16502,58.3548,90,84,84,1138,687,1.37146,5,6.56486,79822380665
73.8716,13537,58.5859,88,84,83,1123,687,1.37146,4,6.56535,79922471697
66.6889,14995,58.5859,88,84,83,1123,687,1.37146,4,6.56535,80022537599
56.1388,17813,58.5859,88,84,83,1123,687,1.37146,4,6.56535,80122615611
63.9918,15627,58.5859,88,84,83,1123,687,1.37146,4,6.56535,80222680353
70.4871,14187,58.5859,88,84,83,1123,687,1.37146,4,6.56535,80322757925
70.1459,14256,57.7889,88,84,84,1168,687,1.37146,5,6.56486,80422821256
77.7665,12859,57.7889,88,84,84,1168,687,1.37146,5,6.56486,80522895838
71.4337,13999,57.7889,88,84,84,1168,687,1.37146,5,6.56486,80622956300
83.5701,11966,57.7889,88,84,84,1168,687,1.37146,5,6.56486,80723018282
63.2591,15808,57.7889,88,84,84,1168,687,1.37146,5,6.56486,80823097784
66.4408,15051,57.5309,90,84,85,1097,687,1.37146,5,6.56437,80923174426
69.0608,14480,57.5309,90,84,85,1097,687,1.37146,5,6.56437,81023246848
72.5268,13788,57.5309,90,84,85,1097,687,1.37146,5,6.56437,81123315589
67.4627,14823,57.5309,90,84,85,1097,687,1.37146,5,6.56437,81223382661
67.4582,14824,57.5309,90,84,85,1097,687,1.37146,5,6.56437,81323474953
64.5453,15493,54.7804,92,85,85,1059,687,1.37146,4,6.56077,81423536575
69.5072,14387,54.7804,92,85,85,1059,687,1.37146,4,6.56077,81523601077
69.5362,14381,54.7804,92,85,85,1059,687,1.37146,4,6.56077,81623668249
69.7058,14346,54.7804,92,85,85,1059,687,1.37146,4,6.56077,81723732931
85.0051,11764,54.7804,92,85,85,1059,687,1.37146,4,6.56077,81823809283
66.1989,15106,54.2416,86,84,87,1049,687,1.37146,4,6.56089,81923875774
70.3928,14206,54.2416,86,84,87,1049,687,1.37146,4,6.56089,82023950556
73.7137,13566,54.2416,86,84,87,1049,687,1.37146,4,6.56089,82124018228
69.9888,14288,54.2416,86,84,87,1049,687,1.37146,4,6.56089,82224094270
78.2228,12784,54.2416,86,84,87,1049,687,1.37146,4,6.56089,82324164352
69.4011,14409,55.1122,91,85,86,1055,687,1.37146,4,6.56065,82424243644
57.9643,17252,55.1122,91,85,86,1055,687,1.37146,4,6.56065,82524303296
71.0833,14068,55.1122,91,85,86,1055,687,1.37146,4,6.56065,82624366038
83.682,11950,55.1122,91,85,86,1055,687,1.37146,4,6.56065,82724431659
70.3829,14208,55.1122,91,85,86,1055,687,1.37146,4,6.56065,82824491281
86.1178,11612,54.66,92,85,84,1035,687,1.37146,4,6.56076,82924554503
60.562,16512,54.66,92,85,84,1035,687,1.37146,4,6.56076,83024618985
73.7898,13552,54.66,92,85,84,1035,687,1.37146,4,6.56076,83124797807
66.3394,15074,54.66,92,85,84,1035,687,1.37146,4,6.56076,83224873929
64.8004,15432,54.66,92,85,84,1035,687,1.37146,4,6.56076,83324939700
77.6036,12886,54.66,92,85,84,1035,687,1.37146,4,6.56076,83425002282
76.1673,13129,55.8897,91,85,86,1073,687,1.37146,4,6.56076,83525072984
67.4354,14829,55.8897,91,85,86,1073,687,1.37146,4,6.56076,83625125546
81.9605,12201,55.8897,91,85,86,1073,687,1.37146,4,6.56076,83725454877
74.129,13490,55.8897,91,85,86,1073,687,1.37146,4,6.56076,83825531939
59.0179,16944,55.8897,91,85,86,1073,687,1.37146,4,6.56076,83925601631
91.416,10939,55.8376,89,85,89,1101,687,1.37146,4,6.56052,84025667973
63.9468,15638,55.8376,89,85,89,1101,687,1.37146,4,6.56052,84125729965
62.3869,16029,55.8376,89,85,89,1101,687,1.37146,4,6.56052,84225883696
57.6004,17361,55.8376,89,85,89,1101,687,1.37146,4,6.56052,84325950738
71.2352,14038,55.8376,89,85,89,1101,687,1.37146,4,6.56052,84426019750
62.1581,16088,54.8969,89,85,85,1068,687,1.37146,4,6.561,84526086032
60.595,16503,54.8969,89,85,85,1068,687,1.37146,4,6.561,84626146754
57.3132,17448,54.8969,89,85,85,1068,687,1.37146,4,6.561,84726222086
88.129,11347,54.8969,89,85,85,1068,687,1.37146,4,6.561,84826284968
66.921,14943,54.8969,89,85,85,1068,687,1.37146,4,6.561,84926352200
92.7902,10777,58.5784,89,85,87,1084,687,1.37146,4,6.561,85026418612
78.4806,12742,58.5784,89,85,87,1084,687,1.37146,4,6.561,85126501033
80.1603,12475,58.5784,89,85,87,1084,687,1.37146,4,6.561,85226565055
82.3859,12138,58.5784,89,85,87,1084,687,1.37146,4,6.561,85326629117
59.1891,16895,58.5784,89,85,87,1084,687,1.37146,4,6.561,85426709179
65.548,15256,56.927,89,85,84,1127,687,1.37146,5,6.561,85526772961
75.6716,13215,56.927,89,85,84,1127,687,1.37146,5,6.561,85626847373
59.6196,16773,56.927,89,85,84,1127,687,1.37146,5,6.561,85726915915
64.4081,15526,56.927,89,85,84,1127,687,1.37146,5,6.561,85826996066
64.9941,15386,56.927,89,85,84,1127,687,1.37146,5,6.561,85927066798
88.6918,11275,58.231,89,85,86,1137,687,1.37146,5,6.56077,86027135120
86.7679,11525,58.231,89,85,86,1137,687,1.37146,5,6.56077,86127208512
91.6758,10908,58.231,89,85,86,1137,687,1.37146,5,6.56077,86227277674
80.4311,12433,58.231,89,85,86,1137,687,1.37146,5,6.56077,86327361306
